line_id,item_code,confidence,decision,reason_code,candidates
ACM-H-5001,ACM-HEXB0906,0.994,auto,name_exact,ACM-HEXB0906:100.0
ACM-H-5002,ACM-HEXB0319,0.986,auto,fuzzy_match,ACM-HEXB0319:93.9|ACM-HEXB0939:90.9|ACM-HEXB0456:89.2
ACM-H-5003,ACM-CABL1016,0.994,auto,name_exact,ACM-CABL1016:100.0
ACM-H-5004,ACM-CABL1035,0.994,auto,name_exact,ACM-CABL1035:100.0
ACM-H-5005,ACM-PVCP0220,0.994,auto,name_exact,ACM-PVCP0220:100.0
ACM-H-5006,ACM-BALL0688,0.994,auto,name_exact,ACM-BALL0688:100.0
ACM-H-5007,ACM-HOSE0593,0.994,auto,name_exact,ACM-HOSE0593:100.0
ACM-H-5008,ACM-BALL0702,0.994,auto,name_exact,ACM-BALL0702:100.0
ACM-H-5009,ACM-PVCP0126,0.933,auto,barcode_hit,ACM-PVCP0126:100.0
ACM-H-5010,ACM-WALL0730,0.985,auto,sku_map_hit,ACM-WALL0730:100.0
ACM-H-5011,ACM-SAFE0847,0.985,auto,sku_map_hit,ACM-SAFE0847:100.0
ACM-H-5012,,0.167,review,ambiguous_twins,ACM-HOSE0106:100.0|ACM-HOSE0106B:89.2
ACM-H-5013,,0.024,reject,embedding_near_tie,ACM-PVCP0541:37.1|ACM-PVCP0070:36.3|ACM-PVCP1046:36.1
ACM-H-5014,,0.024,reject,embedding_near_tie,ACM-GIWI0811:22.1|ACM-BALL0154:21.9|ACM-GIWI0218:21.9
ACM-H-5015,ACM-HEXB0431,0.994,auto,name_exact,ACM-HEXB0431:100.0
ACM-H-5016,ACM-CABL0752,0.986,auto,fuzzy_match,ACM-CABL0752:96.4|ACM-CABL1084:92.9|ACM-CABL0560:92.9
ACM-H-5017,ACM-SAFE0049,0.994,auto,name_exact,ACM-SAFE0049:100.0
ACM-H-5018,ACM-MASK0342,0.994,auto,name_exact,ACM-MASK0342:100.0
ACM-H-5019,ACM-MASK0490,0.994,auto,name_exact,ACM-MASK0490:100.0
ACM-H-5020,ACM-CABL0805,0.994,auto,name_exact,ACM-CABL0805:100.0
ACM-H-5021,ACM-NITR0586,0.994,auto,name_exact,ACM-NITR0586:100.0
ACM-H-5022,ACM-PVCP0166,0.994,auto,name_exact,ACM-PVCP0166:100.0
ACM-H-5023,ACM-CABL0706,0.994,auto,name_exact,ACM-CABL0706:100.0
ACM-H-5024,ACM-PVCP0994,0.985,auto,sku_map_hit,ACM-PVCP0994:100.0
ACM-H-5025,,0.029,review,ambiguous_several_fit,ACM-PVCP0482:86.8|ACM-PVCP0666:86.8|ACM-PVCP0799:86.8
ACM-H-5026,,0.024,reject,embedding_near_tie,ACM-PVCP0541:37.1|ACM-PVCP0070:36.3|ACM-PVCP1046:36.1
ACM-H-5027,,0.024,reject,embedding_near_tie,ACM-NITR0514:11.2|ACM-NITR0804:10.6|ACM-NITR0027:10.0
ACM-H-5028,ACM-SAFE0110,0.994,auto,name_exact,ACM-SAFE0110:100.0
ACM-H-5029,ACM-HEXB0771,0.986,auto,fuzzy_match,ACM-HEXB0771:96.9|ACM-HEXB0277:93.8|ACM-HEXB0585:92.1
ACM-H-5030,ACM-GIWI0505,0.986,auto,fuzzy_match,ACM-GIWI0505:96.4|ACM-GIWI0627:92.9|ACM-GIWI0961:92.9
ACM-H-5031,ACM-BALL0954,0.994,auto,name_exact,ACM-BALL0954:100.0
ACM-H-5032,ACM-ANGL0157,0.994,auto,name_exact,ACM-ANGL0157:100.0
ACM-H-5033,,0.029,review,ambiguous_several_fit,ACM-PVCP1037:96.2|ACM-PVCP0347:96.2|ACM-PVCP0994:96.2
ACM-H-5034,ACM-HEXB0357,0.986,auto,fuzzy_match,ACM-HEXB0357:82.8|ACM-HEXB0115:79.3|ACM-HEXB1063:79.3
ACM-H-5035,ACM-SAFE0019,0.994,auto,name_exact,ACM-SAFE0019:100.0
ACM-H-5036,ACM-NITR0344,0.985,auto,sku_map_hit,ACM-NITR0344:100.0
ACM-H-5037,ACM-PVCP0994,0.985,auto,sku_map_hit,ACM-PVCP0994:100.0
ACM-H-5038,ACM-HEXB0743,0.985,auto,sku_map_hit,ACM-HEXB0743:100.0
ACM-H-5039,,0.029,review,ambiguous_several_fit,ACM-PVCP0666:92.9|ACM-PVCP0666B:82.5
ACM-H-5040,,0.024,reject,embedding_near_tie,ACM-HEXB0115:42.9|ACM-HEXB0710:42.6|ACM-HEXB0380:42.6
ACM-H-5041,,0.167,reject,not_an_item,
ACM-H-5042,ACM-WALL0184,0.994,auto,name_exact,ACM-WALL0184:100.0
ACM-H-5043,ACM-HEXB0219,0.986,auto,fuzzy_match,ACM-HEXB0219:93.8|ACM-HEXB0053:90.6|ACM-HEXB0125:90.6
ACM-H-5044,ACM-HEXB0053,0.994,auto,name_exact,ACM-HEXB0053:100.0
ACM-H-5045,ACM-HEXB0790,0.994,auto,name_exact,ACM-HEXB0790:100.0
ACM-H-5046,,0.300,review,fuzzy_low_score,ACM-PVCP0195:61.5|ACM-PVCP0432:61.5|ACM-PVCP0301:61.5
ACM-H-5047,,0.029,review,ambiguous_several_fit,ACM-PVCP1060:78.3|ACM-PVCP0441:78.3|ACM-PVCP0394:78.3
ACM-H-5048,ACM-WALL1024,0.994,auto,name_exact,ACM-WALL1024:100.0
ACM-H-5049,ACM-BALL0001,0.994,auto,name_exact,ACM-BALL0001:100.0
ACM-H-5050,ACM-NITR0934,0.933,auto,barcode_hit,ACM-NITR0934:100.0
ACM-H-5051,ACM-HEXB0743,0.985,auto,sku_map_hit,ACM-HEXB0743:100.0
ACM-H-5052,,0.029,review,ambiguous_several_fit,ACM-BALL0983:92.0|ACM-BALL0364:88.5|ACM-BALL0879:88.5
ACM-H-5053,,0.024,reject,embedding_near_tie,ACM-BALL0797:60.4|ACM-BALL0735:59.5|ACM-HOSE0908:59.0
ACM-H-5054,,0.077,reject,embedding_detail_mismatch,ACM-HEXB0089B:47.0|ACM-HEXB0277:43.1|ACM-HEXB0038:42.7
ACM-H-5055,ACM-SAFE0543,0.994,auto,name_exact,ACM-SAFE0543:100.0
ACM-H-5056,ACM-GIWI0495,0.986,auto,fuzzy_match,ACM-GIWI0495:98.2|ACM-GIWI0627:90.9|ACM-GIWI0505:90.9
ACM-H-5057,ACM-HEXB0867,0.986,auto,fuzzy_match,ACM-HEXB0867:95.8|ACM-HEXB0139:93.0|ACM-HEXB0987:91.4
ACM-H-5058,ACM-PVCP0119,0.994,auto,name_exact,ACM-PVCP0119:100.0
ACM-H-5059,ACM-HEXB0292,0.994,auto,name_exact,ACM-HEXB0292:100.0
ACM-H-5060,ACM-GIWI0179,0.986,auto,fuzzy_match,ACM-GIWI0179:87.2|ACM-GIWI0955:76.9|ACM-GIWI0652:76.9
ACM-H-5061,ACM-WALL0875,0.994,auto,name_exact,ACM-WALL0875:100.0
ACM-H-5062,ACM-HEXB0290,0.994,auto,name_exact,ACM-HEXB0290:100.0
ACM-H-5063,ACM-HEXB0701,0.994,auto,name_exact,ACM-HEXB0701:100.0
ACM-H-5064,ACM-BALL0084,0.933,auto,barcode_hit,ACM-BALL0084:100.0
ACM-H-5065,ACM-HEXB0743,0.985,auto,sku_map_hit,ACM-HEXB0743:100.0
ACM-H-5066,,0.300,review,fuzzy_low_score,ACM-BALL0208:68.4|ACM-BALL0999:68.4|ACM-BALL0741:65.0
ACM-H-5067,,0.077,reject,embedding_detail_mismatch,ACM-NITR0425:57.0|ACM-NITR0240:55.5|ACM-NITR0610:54.1
ACM-H-5068,,0.024,reject,embedding_near_tie,ACM-NITR0514:11.2|ACM-NITR0804:10.6|ACM-NITR0027:10.0
ACM-H-5069,ACM-PVCP0394,0.994,auto,name_exact,ACM-PVCP0394:100.0
ACM-H-5070,,0.500,review,ambiguous_near_tie,ACM-CABL0785:92.6|ACM-CABL1039:92.6|ACM-CABL0910:88.9
ACM-H-5071,ACM-PVCP0463,0.994,auto,name_exact,ACM-PVCP0463:100.0
ACM-H-5072,ACM-SELF0945,0.994,auto,name_exact,ACM-SELF0945:100.0
ACM-H-5073,ACM-HOSE0665,0.994,auto,name_exact,ACM-HOSE0665:100.0
ACM-H-5074,,0.029,review,ambiguous_several_fit,ACM-HEXB0401:87.0|ACM-HEXB0198:87.0|ACM-HEXB1059:87.0
ACM-H-5075,ACM-ANGL0838,0.994,auto,name_exact,ACM-ANGL0838:100.0
ACM-H-5076,ACM-SAFE0984,0.985,auto,sku_map_hit,ACM-SAFE0984:100.0
ACM-H-5077,ACM-SELF0918,0.933,auto,barcode_hit,ACM-SELF0918:100.0
ACM-H-5078,ACM-HEXB0445,0.985,auto,sku_map_hit,ACM-HEXB0445:100.0
ACM-H-5079,,0.029,review,ambiguous_several_fit,ACM-PVCP0643:92.9|ACM-PVCP0643B:82.5
ACM-H-5080,,0.167,review,ambiguous_twins,ACM-PVCP0640:100.0|ACM-PVCP0640B:88.5
ACM-H-5081,,0.024,reject,embedding_near_tie,ACM-HEXB0358:60.8|ACM-HEXB0518:60.8|ACM-HEXB0748:60.8
ACM-H-5082,ACM-ANGL0845,0.994,auto,name_exact,ACM-ANGL0845:100.0
ACM-H-5083,ACM-HEXB0310,0.986,auto,fuzzy_match,ACM-HEXB0310:97.2|ACM-HEXB0008:94.4|ACM-HEXB0500:94.4
ACM-H-5084,ACM-ANGL0214,0.986,auto,fuzzy_match,ACM-ANGL0214:96.1|ACM-ANGL0909:93.5|ACM-ANGL0414:93.5
ACM-H-5085,ACM-HEXB0500,0.986,auto,fuzzy_match,ACM-HEXB0500:87.5|ACM-HEXB1059:85.2|ACM-HEXB0832:84.4
ACM-H-5086,ACM-CABL0545,0.994,auto,name_exact,ACM-CABL0545:100.0
ACM-H-5087,ACM-SELF0519,0.986,auto,fuzzy_match,ACM-SELF0519:86.4|ACM-SELF0712:85.0|ACM-SELF0529:84.0
ACM-H-5088,ACM-NITR0925,0.986,auto,fuzzy_match,ACM-NITR0925:83.9|ACM-NITR0715:80.6|ACM-NITR0872:80.6
ACM-H-5089,ACM-ANGL0838,0.994,auto,name_exact,ACM-ANGL0838:100.0
ACM-H-5090,ACM-HEXB0649,0.994,auto,name_exact,ACM-HEXB0649:100.0
ACM-H-5091,ACM-HEXB0404,0.933,auto,barcode_hit,ACM-HEXB0404:100.0
ACM-H-5092,ACM-WALL0047,0.985,auto,sku_map_hit,ACM-WALL0047:100.0
ACM-H-5093,,0.029,review,ambiguous_several_fit,ACM-MASK0286:92.1|ACM-MASK0286B:82.9
ACM-H-5094,,0.300,review,fuzzy_low_score,ACM-PVCP0151:67.9|ACM-PVCP0614:67.9|ACM-PVCP0820:67.9
ACM-H-5095,,0.167,reject,not_an_item,
ACM-H-5096,ACM-GIWI0728,0.994,auto,name_exact,ACM-GIWI0728:100.0
ACM-H-5097,ACM-PVCP0048,0.986,auto,fuzzy_match,ACM-PVCP0048:94.5|ACM-PVCP0314:90.9|ACM-PVCP0200:90.9
ACM-H-5098,ACM-ANGL1026,0.986,auto,fuzzy_match,ACM-ANGL1026:81.4|ACM-ANGL0753:78.0|ACM-ANGL0947:78.0
ACM-H-5099,ACM-ANGL0080,0.986,auto,fuzzy_match,ACM-ANGL0080:85.3|ACM-ANGL0909:82.2|ACM-ANGL0414:82.2
ACM-H-5100,ACM-PVCP0394,0.994,auto,name_exact,ACM-PVCP0394:100.0
ACM-H-5101,,0.300,review,fuzzy_low_score,ACM-GIWI0801:66.7|ACM-GIWI1067:66.7|ACM-GIWI0567:66.7
ACM-H-5102,ACM-PVCP0573,0.994,auto,name_exact,ACM-PVCP0573:100.0
ACM-H-5103,ACM-CABL0958,0.985,auto,sku_map_hit,ACM-CABL0958:100.0
ACM-H-5104,ACM-ANGL1090,0.933,auto,barcode_hit,ACM-ANGL1090:100.0
ACM-H-5105,ACM-PVCP0994,0.985,auto,sku_map_hit,ACM-PVCP0994:100.0
ACM-H-5106,ACM-HEXB0762,0.985,auto,sku_map_hit,ACM-HEXB0762:100.0
ACM-H-5107,,0.167,review,ambiguous_twins,ACM-HOSE0980:100.0|ACM-HOSE0980B:88.9
ACM-H-5108,,0.024,reject,embedding_near_tie,ACM-HEXB0022:43.7|ACM-HEXB0509:43.6|ACM-HEXB0714:43.6
ACM-H-5109,,0.167,reject,not_an_item,
ACM-H-5110,ACM-GIWI0218,0.994,auto,name_exact,ACM-GIWI0218:100.0
ACM-H-5111,ACM-HOSE1052,0.986,auto,fuzzy_match,ACM-HOSE1052:96.9|ACM-HOSE0191:87.5|ACM-HOSE0296:87.5
ACM-H-5112,ACM-HEXB0877,0.986,auto,fuzzy_match,ACM-HEXB0877:87.9|ACM-HEXB0261:85.7|ACM-HEXB0356:84.8
ACM-H-5113,ACM-MASK0553,0.994,auto,name_exact,ACM-MASK0553:100.0
ACM-H-5114,,0.029,review,ambiguous_several_fit,ACM-CABL1080:88.5|ACM-CABL0687:88.5|ACM-CABL0074:88.5
ACM-H-5115,ACM-CABL0390,0.994,auto,name_exact,ACM-CABL0390:100.0
ACM-H-5116,ACM-PVCP1073,0.986,auto,fuzzy_match,ACM-PVCP1073:88.5|ACM-PVCP0297:85.2|ACM-PVCP0076:85.2
ACM-H-5117,ACM-HEXB1097,0.985,auto,sku_map_hit,ACM-HEXB1097:100.0
ACM-H-5118,ACM-HEXB0957,0.994,auto,name_exact,ACM-HEXB0957:100.0
ACM-H-5119,ACM-HEXB0743,0.985,auto,sku_map_hit,ACM-HEXB0743:100.0
ACM-H-5120,,0.029,review,ambiguous_several_fit,ACM-PVCP0412:80.0|ACM-PVCP0412B:69.2
ACM-H-5121,,0.077,reject,embedding_detail_mismatch,ACM-NITR0425:57.0|ACM-NITR0240:55.5|ACM-NITR0610:54.1
ACM-H-5122,,0.167,reject,not_an_item,
ACM-H-5123,ACM-MASK0530,0.994,auto,name_exact,ACM-MASK0530:100.0
ACM-H-5124,ACM-MASK0878,0.986,auto,fuzzy_match,ACM-MASK0878:95.5|ACM-MASK0286:92.5|ACM-MASK0478:92.5
ACM-H-5125,ACM-HEXB0633,0.986,auto,fuzzy_match,ACM-HEXB0633:98.2|ACM-HEXB0603:91.2|ACM-HEXB0893:89.3
ACM-H-5126,ACM-PVCP0949,0.994,auto,name_exact,ACM-PVCP0949:100.0
ACM-H-5127,ACM-MASK0286B,0.994,auto,name_exact,ACM-MASK0286B:100.0
ACM-H-5128,,0.029,review,ambiguous_several_fit,ACM-WALL0143:86.4|ACM-WALL0140:86.4|ACM-WALL1021:86.4
ACM-H-5129,ACM-HOSE0637,0.994,auto,name_exact,ACM-HOSE0637:100.0
ACM-H-5130,ACM-WALL0532,0.994,auto,name_exact,ACM-WALL0532:100.0
ACM-H-5131,ACM-CABL0752,0.994,auto,name_exact,ACM-CABL0752:100.0
ACM-H-5132,ACM-HEXB0943,0.985,auto,sku_map_hit,ACM-HEXB0943:100.0
ACM-H-5133,ACM-CABL0287,0.985,auto,sku_map_hit,ACM-CABL0287:100.0
ACM-H-5134,,0.200,reject,embedding_several_fit,ACM-BALL0112:51.5|ACM-BALL0289:51.1|ACM-BALL0493:50.2
ACM-H-5135,,0.024,reject,embedding_near_tie,ACM-PVCP0541:37.1|ACM-PVCP0070:36.3|ACM-PVCP1046:36.1
ACM-H-5136,,0.024,reject,embedding_near_tie,ACM-GIWI0811:22.1|ACM-BALL0154:21.9|ACM-GIWI0218:21.9
ACM-H-5137,ACM-PVCP1051,0.994,auto,name_exact,ACM-PVCP1051:100.0
ACM-H-5138,,0.500,review,ambiguous_near_tie,ACM-MASK0527:94.4|ACM-MASK0405:94.4|ACM-MASK0291:94.4
ACM-H-5139,ACM-CABL0635,0.994,auto,name_exact,ACM-CABL0635:100.0
ACM-H-5140,ACM-BALL0735,0.994,auto,name_exact,ACM-BALL0735:100.0
ACM-H-5141,,0.029,review,ambiguous_several_fit,ACM-MASK0378:82.1|ACM-MASK0530:82.1|ACM-MASK0032:82.1
ACM-H-5142,ACM-HOSE0704,0.986,auto,fuzzy_match,ACM-HOSE0704:91.2|ACM-HOSE0399:80.7|ACM-HOSE0440:80.7
ACM-H-5143,ACM-CABL0805,0.994,auto,name_exact,ACM-CABL0805:100.0
ACM-H-5144,ACM-CABL0990,0.994,auto,name_exact,ACM-CABL0990:100.0
ACM-H-5145,ACM-HEXB0534,0.994,auto,name_exact,ACM-HEXB0534:100.0
ACM-H-5146,ACM-NITR0903,0.985,auto,sku_map_hit,ACM-NITR0903:100.0
ACM-H-5147,,0.029,review,ambiguous_several_fit,ACM-PVCP0297:74.4|ACM-PVCP0159:74.4|ACM-PVCP0928:74.4
ACM-H-5148,,0.024,reject,embedding_near_tie,ACM-HEXB0115:42.9|ACM-HEXB0710:42.6|ACM-HEXB0380:42.6
ACM-H-5149,,0.024,reject,embedding_near_tie,ACM-HEXB0022:43.7|ACM-HEXB0509:43.6|ACM-HEXB0714:43.6
ACM-H-5150,ACM-HEXB0153,0.994,auto,name_exact,ACM-HEXB0153:100.0
ACM-H-5151,ACM-HEXB0987,0.986,auto,fuzzy_match,ACM-HEXB0987:97.1|ACM-HEXB1049:94.1|ACM-HEXB0352:94.1
ACM-H-5152,ACM-CABL0187,0.986,auto,fuzzy_match,ACM-CABL0187:98.3|ACM-CABL0390:94.9|ACM-CABL0199:94.9
ACM-H-5153,ACM-PVCP0075,0.994,auto,name_exact,ACM-PVCP0075:100.0
ACM-H-5154,ACM-WALL1030,0.994,auto,name_exact,ACM-WALL1030:100.0
ACM-H-5155,,0.029,review,ambiguous_several_fit,ACM-HOSE0953:75.6|ACM-HOSE0850:75.6|ACM-HOSE0317:75.6
ACM-H-5156,ACM-PVCP0200,0.994,auto,name_exact,ACM-PVCP0200:100.0
ACM-H-5157,ACM-MASK0600,0.994,auto,name_exact,ACM-MASK0600:100.0
ACM-H-5158,ACM-BALL0865,0.985,auto,sku_map_hit,ACM-BALL0865:100.0
ACM-H-5159,ACM-BALL0685,0.933,auto,barcode_hit,ACM-BALL0685:100.0
ACM-H-5160,ACM-HOSE0911,0.985,auto,sku_map_hit,ACM-HOSE0911:100.0
ACM-H-5161,,0.029,review,ambiguous_several_fit,ACM-PVCP0023:71.4|ACM-PVCP0347:71.4|ACM-PVCP0134:71.4
ACM-H-5162,,0.024,reject,embedding_near_tie,ACM-PVCP0541:37.1|ACM-PVCP0070:36.3|ACM-PVCP1046:36.1
ACM-H-5163,,0.024,reject,embedding_near_tie,ACM-HOSE0704:14.2|ACM-HOSE0399:14.2|ACM-HOSE1069:13.7
ACM-H-5164,ACM-HEXB0649,0.994,auto,name_exact,ACM-HEXB0649:100.0
ACM-H-5165,ACM-PVCP1009,0.986,auto,fuzzy_match,ACM-PVCP1009:92.6|ACM-PVCP0941:88.9|ACM-PVCP0619:88.9
ACM-H-5166,ACM-SELF0504,0.994,auto,name_exact,ACM-SELF0504:100.0
ACM-H-5167,ACM-SELF0129,0.994,auto,name_exact,ACM-SELF0129:100.0
ACM-H-5168,ACM-CABL0540,0.994,auto,name_exact,ACM-CABL0540:100.0
ACM-H-5169,,0.029,review,ambiguous_several_fit,ACM-HEXB0153:91.3|ACM-HEXB0803:77.8|ACM-HEXB0148:75.0
ACM-H-5170,ACM-SELF0945,0.986,auto,fuzzy_match,ACM-SELF0945:90.9|ACM-SELF0966:86.8|ACM-SELF0964:85.5
ACM-H-5171,ACM-CABL0555,0.985,auto,sku_map_hit,ACM-CABL0555:100.0
ACM-H-5172,ACM-SELF0242,0.933,auto,barcode_hit,ACM-SELF0242:100.0
ACM-H-5173,ACM-GIWI0789,0.985,auto,sku_map_hit,ACM-GIWI0789:100.0
ACM-H-5174,,0.029,review,ambiguous_several_fit,ACM-BALL0364:90.6|ACM-BALL0364B:80.0
ACM-H-5175,,0.167,review,ambiguous_twins,ACM-SELF0302:100.0|ACM-SELF0302B:93.2
ACM-H-5176,,0.077,reject,embedding_detail_mismatch,ACM-HEXB0089B:47.0|ACM-HEXB0277:43.1|ACM-HEXB0038:42.7
ACM-H-5177,ACM-GIWI0389,0.994,auto,name_exact,ACM-GIWI0389:100.0
ACM-H-5178,ACM-GIWI0621,0.986,auto,fuzzy_match,ACM-GIWI0621:95.5|ACM-GIWI0728:90.9|ACM-GIWI0113:90.9
ACM-H-5179,ACM-HEXB0253,0.986,auto,fuzzy_match,ACM-HEXB0253:96.3|ACM-HEXB0893:92.6|ACM-HEXB0426:90.9
ACM-H-5180,ACM-SELF0400,0.994,auto,name_exact,ACM-SELF0400:100.0
ACM-H-5181,ACM-NITR0470,0.994,auto,name_exact,ACM-NITR0470:100.0
ACM-H-5182,ACM-BALL0315,0.994,auto,name_exact,ACM-BALL0315:100.0
ACM-H-5183,ACM-HEXB0542,0.994,auto,name_exact,ACM-HEXB0542:100.0
ACM-H-5184,ACM-PVCP0666B,0.985,auto,sku_map_hit,ACM-PVCP0666B:100.0
ACM-H-5185,ACM-CABL0607,0.994,auto,name_exact,ACM-CABL0607:100.0
ACM-H-5186,ACM-HEXB0290,0.994,auto,name_exact,ACM-HEXB0290:100.0
ACM-H-5187,ACM-SAFE0847,0.985,auto,sku_map_hit,ACM-SAFE0847:100.0
ACM-H-5188,,0.029,review,ambiguous_several_fit,ACM-PVCP1055:90.6|ACM-PVCP1055B:80.0
ACM-H-5189,,0.024,reject,embedding_near_tie,ACM-BALL0797:60.4|ACM-BALL0735:59.5|ACM-HOSE0908:59.0
ACM-H-5190,,0.024,reject,embedding_near_tie,ACM-GIWI0179:37.0|ACM-GIWI0955:36.0|ACM-NITR0872:35.2
NRD-H-5001,NRD-PRAW0352,0.994,auto,name_exact,NRD-PRAW0352:100.0
NRD-H-5002,NRD-SALM0350,0.986,auto,fuzzy_match,NRD-SALM0350:96.7|NRD-SALM0386:93.3|NRD-SALM0100:93.3
NRD-H-5003,NRD-FULL0417,0.994,auto,name_exact,NRD-FULL0417:100.0
NRD-H-5004,NRD-PRAW0097,0.994,auto,name_exact,NRD-PRAW0097:100.0
NRD-H-5005,NRD-CHIC0043,0.994,auto,name_exact,NRD-CHIC0043:100.0
NRD-H-5006,,0.029,review,ambiguous_several_fit,NRD-PUFF0068:70.0|NRD-PUFF0459:65.1|NRD-PUFF0254:65.1
NRD-H-5007,NRD-PRAW0210,0.994,auto,name_exact,NRD-PRAW0210:100.0
NRD-H-5008,NRD-BEEF0161,0.994,auto,name_exact,NRD-BEEF0161:100.0
NRD-H-5009,NRD-FULL0267,0.994,auto,name_exact,NRD-FULL0267:100.0
NRD-H-5010,NRD-BEEF0259,0.985,auto,sku_map_hit,NRD-BEEF0259:100.0
NRD-H-5011,NRD-BUTT0093,0.985,auto,sku_map_hit,NRD-BUTT0093:100.0
NRD-H-5012,,0.029,review,ambiguous_several_fit,NRD-WHIP0334:70.0|NRD-WHIP0334B:59.6
NRD-H-5013,,0.077,reject,embedding_detail_mismatch,NRD-PRAW0266:36.3|NRD-BUTT0491:34.3|NRD-BUTT0178:34.3
NRD-H-5014,,0.024,reject,embedding_near_tie,NRD-BEEF0255:23.2|NRD-BEEF0270:22.8|NRD-BEEF0091:22.4
NRD-H-5015,NRD-FULL0323,0.994,auto,name_exact,NRD-FULL0323:100.0
NRD-H-5016,NRD-POTA0394,0.986,auto,fuzzy_match,NRD-POTA0394:95.4|NRD-POTA0157:89.6|NRD-POTA0039:83.1
NRD-H-5017,NRD-MOZZ0054,0.994,auto,name_exact,NRD-MOZZ0054:100.0
NRD-H-5018,NRD-MOZZ0415,0.986,auto,fuzzy_match,NRD-MOZZ0415:92.1|NRD-MOZZ0018:89.5|NRD-MOZZ0356:87.7
NRD-H-5019,,0.029,review,ambiguous_several_fit,NRD-BEEF0278:88.4|NRD-BEEF0118:82.6|NRD-BEEF0279:82.6
NRD-H-5020,NRD-POTA0293,0.994,auto,name_exact,NRD-POTA0293:100.0
NRD-H-5021,NRD-SALM0159,0.994,auto,name_exact,NRD-SALM0159:100.0
NRD-H-5022,NRD-SQUI0022,0.985,auto,sku_map_hit,NRD-SQUI0022:100.0
NRD-H-5023,NRD-CHIC0329,0.933,auto,barcode_hit,NRD-CHIC0329:100.0
NRD-H-5024,NRD-MOZZ0400,0.985,auto,sku_map_hit,NRD-MOZZ0400:100.0
NRD-H-5025,,0.167,review,ambiguous_twins,NRD-WHIP0334:100.0|NRD-WHIP0334B:88.1
NRD-H-5026,,0.024,reject,embedding_near_tie,NRD-PRAW0266:28.5|NRD-PRAW0237:28.0|NRD-PRAW0308:26.0
NRD-H-5027,,0.024,reject,embedding_near_tie,NRD-FULL0174:26.2|NRD-FULL0280:25.7|NRD-FULL0174B:25.6
NRD-H-5028,NRD-FULL0203,0.994,auto,name_exact,NRD-FULL0203:100.0
NRD-H-5029,NRD-MOZZ0205,0.986,auto,fuzzy_match,NRD-MOZZ0205:94.5|NRD-MOZZ0458:90.9|NRD-MOZZ0175:84.6
NRD-H-5030,NRD-FULL0010,0.986,auto,fuzzy_match,NRD-FULL0010:93.8|NRD-FULL0120:90.6|NRD-FULL0462:90.3
NRD-H-5031,NRD-BUTT0302,0.986,auto,fuzzy_match,NRD-BUTT0302:95.4|NRD-BUTT0491:92.3|NRD-BUTT0321:90.6
NRD-H-5032,NRD-BUTT0047,0.994,auto,name_exact,NRD-BUTT0047:100.0
NRD-H-5033,,0.029,review,ambiguous_several_fit,NRD-SALM0076:79.2|NRD-SALM0216:79.2|NRD-SALM0322:79.2
NRD-H-5034,NRD-VANI0424,0.986,auto,fuzzy_match,NRD-VANI0424:86.5|NRD-VANI0213:83.8|NRD-VANI0148:81.1
NRD-H-5035,NRD-SALM0331B,0.985,auto,sku_map_hit,NRD-SALM0331B:100.0
NRD-H-5036,NRD-MOZZ0205,0.985,auto,sku_map_hit,NRD-MOZZ0205:100.0
NRD-H-5037,NRD-VANI0327,0.985,auto,sku_map_hit,NRD-VANI0327:100.0
NRD-H-5038,NRD-BUTT0491,0.985,auto,sku_map_hit,NRD-BUTT0491:100.0
NRD-H-5039,,0.200,reject,embedding_several_fit,NRD-PRAW0285:51.6|NRD-PRAW0099:50.4|NRD-PRAW0376:49.1
NRD-H-5040,,0.077,reject,embedding_detail_mismatch,NRD-PRAW0266:36.3|NRD-BUTT0491:34.3|NRD-BUTT0178:34.3
NRD-H-5041,,0.024,reject,embedding_near_tie,NRD-BEEF0187:23.1|NRD-BEEF0317:22.4|NRD-BEEF0046:22.3
NRD-H-5042,NRD-BUTT0321,0.994,auto,name_exact,NRD-BUTT0321:100.0
NRD-H-5043,NRD-VANI0190,0.986,auto,fuzzy_match,NRD-VANI0190:95.5|NRD-VANI0419:92.5|NRD-VANI0332:89.6
NRD-H-5044,NRD-BEEF0407,0.994,auto,name_exact,NRD-BEEF0407:100.0
NRD-H-5045,NRD-SQUI0071,0.994,auto,name_exact,NRD-SQUI0071:100.0
NRD-H-5046,,0.029,review,ambiguous_several_fit,NRD-CHIC0329:86.7|NRD-CHIC0195:86.7|NRD-CHIC0212:86.7
NRD-H-5047,,0.029,review,ambiguous_several_fit,NRD-SQUI0149:81.5|NRD-SQUI0488:75.9
NRD-H-5048,NRD-WHIP0111,0.994,auto,name_exact,NRD-WHIP0111:100.0
NRD-H-5049,NRD-CHIC0380,0.986,auto,fuzzy_match,NRD-CHIC0380:73.8|NRD-CHIC0372:71.4|NRD-CHIC0289:71.4
NRD-H-5050,NRD-BEEF0476,0.933,auto,barcode_hit,NRD-BEEF0476:100.0
NRD-H-5051,NRD-PUFF0297,0.985,auto,sku_map_hit,NRD-PUFF0297:100.0
NRD-H-5052,,0.167,review,ambiguous_twins,NRD-SALM0142:100.0|NRD-SALM0142B:90.4
NRD-H-5053,,0.024,reject,embedding_near_tie,NRD-FULL0182:77.6|NRD-FULL0339:77.5|NRD-FULL0024:77.2
NRD-H-5054,,0.024,reject,embedding_near_tie,NRD-PRAW0266:28.5|NRD-PRAW0237:28.0|NRD-PRAW0308:26.0
NRD-H-5055,NRD-FULL0024,0.994,auto,name_exact,NRD-FULL0024:100.0
NRD-H-5056,NRD-BEEF0131,0.986,auto,fuzzy_match,NRD-BEEF0131:96.3|NRD-BEEF0241:92.6|NRD-BEEF0279:92.6
NRD-H-5057,NRD-PRAW0455,0.986,auto,fuzzy_match,NRD-PRAW0455:96.3|NRD-PRAW0337:92.6|NRD-PRAW0435:80.0
NRD-H-5058,NRD-SQUI0249,0.994,auto,name_exact,NRD-SQUI0249:100.0
NRD-H-5059,NRD-BUTT0491,0.994,auto,name_exact,NRD-BUTT0491:100.0
NRD-H-5060,NRD-CHIC0049,0.986,auto,fuzzy_match,NRD-CHIC0049:85.7|NRD-CHIC0184:82.1|NRD-CHIC0358:82.1
NRD-H-5061,NRD-BEEF0407,0.994,auto,name_exact,NRD-BEEF0407:100.0
NRD-H-5062,NRD-BEEF0343,0.985,auto,sku_map_hit,NRD-BEEF0343:100.0
NRD-H-5063,NRD-FULL0339,0.985,auto,sku_map_hit,NRD-FULL0339:100.0
NRD-H-5064,NRD-BEEF0354,0.933,auto,barcode_hit,NRD-BEEF0354:100.0
NRD-H-5065,NRD-VANI0327,0.985,auto,sku_map_hit,NRD-VANI0327:100.0
NRD-H-5066,,0.167,review,ambiguous_twins,NRD-SALM0064:100.0|NRD-SALM0064B:89.6
NRD-H-5067,,0.024,reject,embedding_near_tie,NRD-PRAW0266:28.5|NRD-PRAW0237:28.0|NRD-PRAW0308:26.0
NRD-H-5068,,0.077,reject,embedding_detail_mismatch,NRD-PRAW0025:25.4|NRD-PRAW0260:24.3|NRD-PRAW0055:24.2
NRD-H-5069,NRD-PRAW0053,0.994,auto,name_exact,NRD-PRAW0053:100.0
NRD-H-5070,NRD-CHIC0217,0.986,auto,fuzzy_match,NRD-CHIC0217:95.5|NRD-CHIC0452:93.9|NRD-CHIC0406:90.9
NRD-H-5071,NRD-POTA0164,0.994,auto,name_exact,NRD-POTA0164:100.0
NRD-H-5072,NRD-VANI0066,0.994,auto,name_exact,NRD-VANI0066:100.0
NRD-H-5073,NRD-CHIC0212,0.994,auto,name_exact,NRD-CHIC0212:100.0
NRD-H-5074,NRD-VANI0363,0.994,auto,name_exact,NRD-VANI0363:100.0
NRD-H-5075,NRD-POTA0325,0.994,auto,name_exact,NRD-POTA0325:100.0
NRD-H-5076,NRD-PRAW0009,0.985,auto,sku_map_hit,NRD-PRAW0009:100.0
NRD-H-5077,NRD-BEEF0255,0.994,auto,name_exact,NRD-BEEF0255:100.0
NRD-H-5078,NRD-CHIC0253,0.985,auto,sku_map_hit,NRD-CHIC0253:100.0
NRD-H-5079,,0.029,review,ambiguous_several_fit,NRD-BEEF0118:89.8|NRD-BEEF0476:89.8|NRD-BEEF0214:89.8
NRD-H-5080,,0.029,review,ambiguous_several_fit,NRD-PUFF0244:86.8|NRD-PUFF0244B:76.7
NRD-H-5081,,0.077,reject,embedding_detail_mismatch,NRD-PRAW0040:42.6|NRD-PRAW0409:41.4|NRD-PRAW0352:40.0
NRD-H-5082,NRD-PUFF0125,0.994,auto,name_exact,NRD-PUFF0125:100.0
NRD-H-5083,NRD-VANI0075,0.986,auto,fuzzy_match,NRD-VANI0075:97.1|NRD-VANI0012:94.1|NRD-VANI0137:91.2
NRD-H-5084,NRD-MOZZ0110,0.986,auto,fuzzy_match,NRD-MOZZ0110:96.6|NRD-MOZZ0035:93.1|NRD-MOZZ0400:85.2
NRD-H-5085,NRD-FULL0462,0.994,auto,name_exact,NRD-FULL0462:100.0
NRD-H-5086,NRD-BEEF0072,0.994,auto,name_exact,NRD-BEEF0072:100.0
NRD-H-5087,,0.029,review,ambiguous_several_fit,NRD-WHIP0111:75.0|NRD-WHIP0442:75.0
NRD-H-5088,NRD-BEEF0284,0.994,auto,name_exact,NRD-BEEF0284:100.0
NRD-H-5089,NRD-BEEF0368,0.994,auto,name_exact,NRD-BEEF0368:100.0
NRD-H-5090,NRD-BEEF0373,0.994,auto,name_exact,NRD-BEEF0373:100.0
NRD-H-5091,NRD-PRAW0387,0.933,auto,barcode_hit,NRD-PRAW0387:100.0
NRD-H-5092,NRD-CHIC0253,0.985,auto,sku_map_hit,NRD-CHIC0253:100.0
NRD-H-5093,,0.029,review,ambiguous_several_fit,NRD-PUFF0305:88.9|NRD-PUFF0244:88.9|NRD-PUFF0244B:78.7
NRD-H-5094,,0.077,reject,embedding_detail_mismatch,NRD-PRAW0266:36.3|NRD-BUTT0491:34.3|NRD-BUTT0178:34.3
NRD-H-5095,,0.024,reject,embedding_near_tie,NRD-CHIC0058:13.4|NRD-BEEF0368:13.2|NRD-CHIC0087:13.1
NRD-H-5096,NRD-BUTT0178,0.994,auto,name_exact,NRD-BUTT0178:100.0
NRD-H-5097,NRD-SALM0027,0.986,auto,fuzzy_match,NRD-SALM0027:97.0|NRD-SALM0142:93.9|NRD-SALM0414:93.9
NRD-H-5098,NRD-POTA0061,0.994,auto,name_exact,NRD-POTA0061:100.0
NRD-H-5099,NRD-POTA0238,0.994,auto,name_exact,NRD-POTA0238:100.0
NRD-H-5100,NRD-BEEF0368,0.994,auto,name_exact,NRD-BEEF0368:100.0
NRD-H-5101,NRD-BEEF0259,0.986,auto,fuzzy_match,NRD-BEEF0259:87.5|NRD-BEEF0118:83.3|NRD-BEEF0165:83.3
NRD-H-5102,NRD-PRAW0385,0.994,auto,name_exact,NRD-PRAW0385:100.0
NRD-H-5103,NRD-MOZZ0451,0.994,auto,name_exact,NRD-MOZZ0451:100.0
NRD-H-5104,NRD-POTA0151,0.933,auto,barcode_hit,NRD-POTA0151:100.0
NRD-H-5105,NRD-BEEF0259,0.985,auto,sku_map_hit,NRD-BEEF0259:100.0
NRD-H-5106,NRD-BUTT0491,0.985,auto,sku_map_hit,NRD-BUTT0491:100.0
NRD-H-5107,,0.029,review,ambiguous_several_fit,NRD-BEEF0214:89.8|NRD-BEEF0214B:78.6
NRD-H-5108,,0.077,reject,embedding_detail_mismatch,NRD-PRAW0040:42.6|NRD-PRAW0409:41.4|NRD-PRAW0352:40.0
NRD-H-5109,,0.024,reject,embedding_near_tie,NRD-BEEF0255:23.2|NRD-BEEF0270:22.8|NRD-BEEF0091:22.4
NRD-H-5110,NRD-BUTT0029,0.994,auto,name_exact,NRD-BUTT0029:100.0
